quadra;lote;status;valor;observacao;atualizado_em
1;1;nao_informado;;;
1;2;nao_informado;;;
1;3;nao_informado;;;
1;4;nao_informado;;;
1;5;nao_informado;;;
1;6;nao_informado;;;
1;7;nao_informado;;;
1;8;nao_informado;;;
1;9;nao_informado;;;
1;10;nao_informado;;;
1;11;nao_informado;;;
1;12;nao_informado;;;
1;13;nao_informado;;;
1;14;nao_informado;;;
1;15;nao_informado;;;
1;16;nao_informado;;;
1;17;nao_informado;;;
1;18;nao_informado;;;
1;19;nao_informado;;;
2;1;nao_informado;;;
2;2;nao_informado;;;
2;3;nao_informado;;;
2;4;nao_informado;;;
2;5;nao_informado;;;
2;6;nao_informado;;;
2;7;nao_informado;;;
2;8;nao_informado;;;
2;9;nao_informado;;;
2;10;nao_informado;;;
2;11;nao_informado;;;
2;12;nao_informado;;;
2;13;nao_informado;;;
2;14;nao_informado;;;
2;15;nao_informado;;;
2;16;nao_informado;;;
2;17;nao_informado;;;
2;18;nao_informado;;;
2;19;nao_informado;;;
2;20;nao_informado;;;
2;21;nao_informado;;;
2;22;nao_informado;;;
3;1;nao_informado;;;
3;2;nao_informado;;;
3;3;nao_informado;;;
3;4;nao_informado;;;
3;5;nao_informado;;;
3;6;nao_informado;;;
3;7;nao_informado;;;
3;8;nao_informado;;;
3;9;nao_informado;;;
3;10;nao_informado;;;
3;11;nao_informado;;;
3;12;nao_informado;;;
3;13;nao_informado;;;
3;14;nao_informado;;;
3;15;nao_informado;;;
3;16;nao_informado;;;
3;17;nao_informado;;;
3;18;nao_informado;;;
3;19;nao_informado;;;
3;20;nao_informado;;;
3;21;nao_informado;;;
3;22;nao_informado;;;
4;1;nao_informado;;;
4;2;nao_informado;;;
4;3;nao_informado;;;
4;4;nao_informado;;;
4;5;nao_informado;;;
4;6;nao_informado;;;
4;7;nao_informado;;;
4;8;nao_informado;;;
4;9;nao_informado;;;
4;10;nao_informado;;;
4;11;nao_informado;;;
4;12;nao_informado;;;
4;13;nao_informado;;;
4;14;nao_informado;;;
4;15;nao_informado;;;
4;16;nao_informado;;;
4;17;nao_informado;;;
4;18;nao_informado;;;
4;19;nao_informado;;;
4;20;nao_informado;;;
4;21;nao_informado;;;
4;22;nao_informado;;;
4;23;nao_informado;;;
4;24;nao_informado;;;
5;1;nao_informado;;;
5;2;nao_informado;;;
5;3;nao_informado;;;
5;4;nao_informado;;;
5;5;nao_informado;;;
5;6;nao_informado;;;
5;7;nao_informado;;;
5;8;nao_informado;;;
5;9;nao_informado;;;
5;10;nao_informado;;;
5;11;nao_informado;;;
5;12;nao_informado;;;
5;13;nao_informado;;;
5;14;nao_informado;;;
5;15;nao_informado;;;
5;16;nao_informado;;;
5;17;nao_informado;;;
5;18;nao_informado;;;
5;19;nao_informado;;;
5;20;nao_informado;;;
6;1;nao_informado;;;
6;2;nao_informado;;;
6;3;nao_informado;;;
6;4;nao_informado;;;
6;5;nao_informado;;;
6;6;nao_informado;;;
6;7;nao_informado;;;
6;8;nao_informado;;;
6;9;nao_informado;;;
6;10;nao_informado;;;
6;11;nao_informado;;;
6;12;nao_informado;;;
6;13;nao_informado;;;
6;14;nao_informado;;;
6;15;nao_informado;;;
6;16;nao_informado;;;
6;17;nao_informado;;;
6;18;nao_informado;;;
6;19;nao_informado;;;
7;1;nao_informado;;;
7;2;nao_informado;;;
7;3;nao_informado;;;
7;4;nao_informado;;;
7;5;nao_informado;;;
7;6;nao_informado;;;
7;7;nao_informado;;;
7;8;nao_informado;;;
7;9;nao_informado;;;
7;10;nao_informado;;;
7;11;nao_informado;;;
7;12;nao_informado;;;
7;13;nao_informado;;;
7;14;nao_informado;;;
7;15;nao_informado;;;
7;16;nao_informado;;;
7;17;nao_informado;;;
7;18;nao_informado;;;
8;1;nao_informado;;;
8;2;nao_informado;;;
8;3;nao_informado;;;
8;4;nao_informado;;;
8;5;nao_informado;;;
8;6;nao_informado;;;
8;7;nao_informado;;;
8;8;nao_informado;;;
8;9;nao_informado;;;
8;10;nao_informado;;;
8;11;nao_informado;;;
8;12;nao_informado;;;
8;13;nao_informado;;;
8;14;nao_informado;;;
8;15;nao_informado;;;
8;16;nao_informado;;;
8;17;nao_informado;;;
9;1;nao_informado;;;
9;2;nao_informado;;;
9;3;nao_informado;;;
9;4;nao_informado;;;
9;5;nao_informado;;;
9;6;nao_informado;;;
9;7;nao_informado;;;
9;8;nao_informado;;;
9;9;nao_informado;;;
9;10;nao_informado;;;
9;11;nao_informado;;;
9;12;nao_informado;;;
9;13;nao_informado;;;
9;14;nao_informado;;;
9;15;nao_informado;;;
9;16;nao_informado;;;
10;1;nao_informado;;;
10;2;nao_informado;;;
10;3;nao_informado;;;
10;4;nao_informado;;;
10;5;nao_informado;;;
10;6;nao_informado;;;
10;7;nao_informado;;;
10;8;nao_informado;;;
10;9;nao_informado;;;
10;10;nao_informado;;;
10;11;nao_informado;;;
10;12;nao_informado;;;
10;13;nao_informado;;;
10;14;nao_informado;;;
10;15;nao_informado;;;
11;1;nao_informado;;;
11;2;nao_informado;;;
11;3;nao_informado;;;
11;4;nao_informado;;;
11;5;nao_informado;;;
11;6;nao_informado;;;
11;7;nao_informado;;;
11;8;nao_informado;;;
11;9;nao_informado;;;
11;10;nao_informado;;;
11;11;nao_informado;;;
11;12;nao_informado;;;
11;13;nao_informado;;;
11;14;nao_informado;;;
12;1;nao_informado;;;
12;2;nao_informado;;;
12;3;nao_informado;;;
12;4;nao_informado;;;
12;5;nao_informado;;;
12;6;nao_informado;;;
12;7;nao_informado;;;
12;8;nao_informado;;;
12;9;nao_informado;;;
12;10;nao_informado;;;
12;11;nao_informado;;;
12;12;nao_informado;;;
12;13;nao_informado;;;
13;1;nao_informado;;;
13;2;nao_informado;;;
13;3;nao_informado;;;
13;4;nao_informado;;;
13;5;nao_informado;;;
13;6;nao_informado;;;
13;7;nao_informado;;;
13;8;nao_informado;;;
13;9;nao_informado;;;
13;10;nao_informado;;;
13;11;nao_informado;;;
13;12;nao_informado;;;
14;1;nao_informado;;;
14;2;nao_informado;;;
14;3;nao_informado;;;
14;4;nao_informado;;;
14;5;nao_informado;;;
14;6;nao_informado;;;
14;7;nao_informado;;;
14;8;nao_informado;;;
14;9;nao_informado;;;
14;10;nao_informado;;;
14;11;nao_informado;;;
14;12;nao_informado;;;
14;13;nao_informado;;;
14;14;nao_informado;;;
14;15;nao_informado;;;
14;16;nao_informado;;;
14;17;nao_informado;;;
14;18;nao_informado;;;
15;1;nao_informado;;;
15;2;nao_informado;;;
15;3;nao_informado;;;
15;4;nao_informado;;;
15;5;nao_informado;;;
15;6;nao_informado;;;
15;7;nao_informado;;;
15;8;nao_informado;;;
15;9;nao_informado;;;
15;10;nao_informado;;;
15;11;nao_informado;;;
15;12;nao_informado;;;
15;13;nao_informado;;;
15;14;nao_informado;;;
15;15;nao_informado;;;
15;16;nao_informado;;;
15;17;nao_informado;;;
15;18;nao_informado;;;
15;19;nao_informado;;;
15;20;nao_informado;;;
16;1;nao_informado;;;
16;2;nao_informado;;;
16;3;nao_informado;;;
16;4;nao_informado;;;
16;5;nao_informado;;;
16;6;nao_informado;;;
16;7;nao_informado;;;
16;8;nao_informado;;;
16;9;nao_informado;;;
16;10;nao_informado;;;
16;11;nao_informado;;;
16;12;nao_informado;;;
16;13;nao_informado;;;
16;14;nao_informado;;;
16;15;nao_informado;;;
16;16;nao_informado;;;
16;17;nao_informado;;;
16;18;nao_informado;;;
17;1;nao_informado;;;
17;2;nao_informado;;;
17;3;nao_informado;;;
17;4;nao_informado;;;
17;5;nao_informado;;;
17;6;nao_informado;;;
17;7;nao_informado;;;
17;8;nao_informado;;;
17;9;nao_informado;;;
17;10;nao_informado;;;
17;11;nao_informado;;;
17;12;nao_informado;;;
17;13;nao_informado;;;
17;14;nao_informado;;;
17;15;nao_informado;;;
17;16;nao_informado;;;
17;17;nao_informado;;;
17;18;nao_informado;;;
18;1;nao_informado;;;
18;2;nao_informado;;;
18;3;nao_informado;;;
18;4;nao_informado;;;
18;5;nao_informado;;;
18;6;nao_informado;;;
18;7;nao_informado;;;
18;8;nao_informado;;;
18;9;nao_informado;;;
18;10;nao_informado;;;
18;11;nao_informado;;;
18;12;nao_informado;;;
18;13;nao_informado;;;
18;14;nao_informado;;;
18;15;nao_informado;;;
18;16;nao_informado;;;
18;17;nao_informado;;;
18;18;nao_informado;;;
18;19;nao_informado;;;
18;20;nao_informado;;;
18;21;nao_informado;;;
18;22;nao_informado;;;
18;23;nao_informado;;;
18;24;nao_informado;;;
18;25;nao_informado;;;
18;26;nao_informado;;;
18;27;nao_informado;;;
18;28;nao_informado;;;
18;29;nao_informado;;;
18;30;nao_informado;;;
18;31;nao_informado;;;
18;32;nao_informado;;;
18;33;nao_informado;;;
18;34;nao_informado;;;
18;35;nao_informado;;;
18;36;nao_informado;;;
18;37;nao_informado;;;
18;38;nao_informado;;;
18;39;nao_informado;;;
18;40;nao_informado;;;
18;41;nao_informado;;;
18;42;nao_informado;;;
18;43;nao_informado;;;
18;44;nao_informado;;;
18;45;nao_informado;;;
20;1;nao_informado;;;
20;2;nao_informado;;;
20;3;nao_informado;;;
20;4;nao_informado;;;
20;5;nao_informado;;;
20;6;nao_informado;;;
20;7;nao_informado;;;
20;8;nao_informado;;;
20;9;nao_informado;;;
20;10;nao_informado;;;
20;11;nao_informado;;;
20;12;nao_informado;;;
20;13;nao_informado;;;
20;14;nao_informado;;;
20;15;nao_informado;;;
20;16;nao_informado;;;
20;17;nao_informado;;;
20;18;nao_informado;;;
20;19;nao_informado;;;
20;20;nao_informado;;;
20;21;nao_informado;;;
20;22;nao_informado;;;
21;1;nao_informado;;;
21;2;nao_informado;;;
21;3;nao_informado;;;
21;4;nao_informado;;;
21;5;nao_informado;;;
21;6;nao_informado;;;
21;7;nao_informado;;;
21;8;nao_informado;;;
21;9;nao_informado;;;
21;10;nao_informado;;;
21;11;nao_informado;;;
21;12;nao_informado;;;
21;13;nao_informado;;;
21;14;nao_informado;;;
21;15;nao_informado;;;
21;16;nao_informado;;;
21;17;nao_informado;;;
21;18;nao_informado;;;
21;19;nao_informado;;;
21;20;nao_informado;;;
21;21;nao_informado;;;
21;22;nao_informado;;;
21;23;nao_informado;;;
21;24;nao_informado;;;
21;25;nao_informado;;;
22;1;nao_informado;;;
22;2;nao_informado;;;
22;3;nao_informado;;;
22;4;nao_informado;;;
22;5;nao_informado;;;
22;6;nao_informado;;;
22;7;nao_informado;;;
22;8;nao_informado;;;
22;9;nao_informado;;;
22;10;nao_informado;;;
22;11;nao_informado;;;
22;12;nao_informado;;;
22;13;nao_informado;;;
22;14;nao_informado;;;
22;15;nao_informado;;;
22;16;nao_informado;;;
22;17;nao_informado;;;
23;1;nao_informado;;;
23;2;nao_informado;;;
23;3;nao_informado;;;
23;4;nao_informado;;;
23;5;nao_informado;;;
23;6;nao_informado;;;
23;7;nao_informado;;;
23;8;nao_informado;;;
23;9;nao_informado;;;
23;10;nao_informado;;;
23;11;nao_informado;;;
23;12;nao_informado;;;
23;13;nao_informado;;;
24;1;nao_informado;;;
24;2;nao_informado;;;
24;3;nao_informado;;;
24;4;nao_informado;;;
24;5;nao_informado;;;
24;6;nao_informado;;;
24;7;nao_informado;;;
24;8;nao_informado;;;
24;9;nao_informado;;;
24;10;nao_informado;;;
24;11;nao_informado;;;
24;12;nao_informado;;;
24;13;nao_informado;;;
24;14;nao_informado;;;
